NUTS1;NUTS2;NUTS3;DISTRICT_CODE;DISTRICT_NAME;LAU_CODE;LAU_NAME;POP_MEN;POP_WOMEN;POP_TOTAL;REF_DATE
AT2;AT22;AT221;601;Graz-Stadt;60101;Graz ;139418;144451;283869;01.01.2017
AT2;AT22;AT225;603;Deutschlandsberg;60305;Frauental an der Laßnitz ;1377;1457;2834;01.01.2017
AT2;AT22;AT225;603;Deutschlandsberg;60318;Lannach ;1707;1691;3398;01.01.2017
AT2;AT22;AT225;603;Deutschlandsberg;60323;Pölfing-Brunn ;807;839;1646;01.01.2017
AT2;AT22;AT225;603;Deutschlandsberg;60324;Preding ;897;850;1747;01.01.2017
AT2;AT22;AT225;603;Deutschlandsberg;60326;Sankt Josef (Weststeiermark) ;764;796;1560;01.01.2017
AT2;AT22;AT225;603;Deutschlandsberg;60329;Sankt Peter im Sulmtal ;665;635;1300;01.01.2017
AT2;AT22;AT225;603;Deutschlandsberg;60341;Wettmannstätten ;810;810;1620;01.01.2017
AT2;AT22;AT225;603;Deutschlandsberg;60344;Deutschlandsberg ;5658;5982;11640;01.01.2017
AT2;AT22;AT225;603;Deutschlandsberg;60345;Eibiswald ;3300;3275;6575;01.01.2017
AT2;AT22;AT225;603;Deutschlandsberg;60346;Groß Sankt Florian ;2116;2081;4197;01.01.2017
AT2;AT22;AT225;603;Deutschlandsberg;60347;Sankt Martin im Sulmtal ;1519;1530;3049;01.01.2017
AT2;AT22;AT225;603;Deutschlandsberg;60348;Sankt Stefan ob Stainz ;1784;1783;3567;01.01.2017
AT2;AT22;AT225;603;Deutschlandsberg;60349;Schwanberg ;2268;2337;4605;01.01.2017
AT2;AT22;AT225;603;Deutschlandsberg;60350;Stainz ;4213;4437;8650;01.01.2017
AT2;AT22;AT225;603;Deutschlandsberg;60351;Wies ;2227;2193;4420;01.01.2017
AT2;AT22;AT221;606;Graz-Umgebung;60608;Feldkirchen bei Graz ;3029;3113;6142;01.01.2017
AT2;AT22;AT221;606;Graz-Umgebung;60611;Gössendorf ;1923;1995;3918;01.01.2017
AT2;AT22;AT221;606;Graz-Umgebung;60613;Gratkorn ;3835;3978;7813;01.01.2017
AT2;AT22;AT221;606;Graz-Umgebung;60617;Hart bei Graz ;2438;2504;4942;01.01.2017
AT2;AT22;AT221;606;Graz-Umgebung;60618;Haselsdorf-Tobelbad ;698;687;1385;01.01.2017
AT2;AT22;AT221;606;Graz-Umgebung;60619;Hausmannstätten ;1548;1629;3177;01.01.2017
AT2;AT22;AT221;606;Graz-Umgebung;60623;Kainbach bei Graz ;1418;1344;2762;01.01.2017
AT2;AT22;AT221;606;Graz-Umgebung;60624;Kalsdorf bei Graz ;3278;3332;6610;01.01.2017
AT2;AT22;AT221;606;Graz-Umgebung;60626;Kumberg ;1890;1953;3843;01.01.2017
AT2;AT22;AT221;606;Graz-Umgebung;60628;Laßnitzhöhe ;1333;1386;2719;01.01.2017
AT2;AT22;AT221;606;Graz-Umgebung;60629;Lieboch ;2426;2634;5060;01.01.2017
AT2;AT22;AT221;606;Graz-Umgebung;60632;Peggau ;1068;1152;2220;01.01.2017
AT2;AT22;AT221;606;Graz-Umgebung;60639;Sankt Bartholomä ;691;721;1412;01.01.2017
AT2;AT22;AT221;606;Graz-Umgebung;60641;Sankt Oswald bei Plankenwarth ;583;624;1207;01.01.2017
AT2;AT22;AT221;606;Graz-Umgebung;60642;Sankt Radegund bei Graz ;1049;1074;2123;01.01.2017
AT2;AT22;AT221;606;Graz-Umgebung;60645;Semriach ;1666;1670;3336;01.01.2017
AT2;AT22;AT221;606;Graz-Umgebung;60646;Stattegg ;1401;1465;2866;01.01.2017
AT2;AT22;AT221;606;Graz-Umgebung;60647;Stiwoll ;357;361;718;01.01.2017
AT2;AT22;AT221;606;Graz-Umgebung;60648;Thal ;1100;1154;2254;01.01.2017
AT2;AT22;AT221;606;Graz-Umgebung;60651;Übelbach ;1021;1003;2024;01.01.2017
AT2;AT22;AT221;606;Graz-Umgebung;60653;Vasoldsberg ;2244;2284;4528;01.01.2017
AT2;AT22;AT221;606;Graz-Umgebung;60654;Weinitzen ;1330;1302;2632;01.01.2017
AT2;AT22;AT221;606;Graz-Umgebung;60655;Werndorf ;1136;1171;2307;01.01.2017
AT2;AT22;AT221;606;Graz-Umgebung;60656;Wundschuh ;792;806;1598;01.01.2017
AT2;AT22;AT221;606;Graz-Umgebung;60659;Deutschfeistritz ;2125;2128;4253;01.01.2017
AT2;AT22;AT221;606;Graz-Umgebung;60660;Dobl-Zwaring ;1784;1740;3524;01.01.2017
AT2;AT22;AT221;606;Graz-Umgebung;60661;Eggersdorf bei Graz ;3312;3259;6571;01.01.2017
AT2;AT22;AT221;606;Graz-Umgebung;60662;Fernitz-Mellach  ;2315;2434;4749;01.01.2017
AT2;AT22;AT221;606;Graz-Umgebung;60663;Frohnleiten ;3272;3440;6712;01.01.2017
AT2;AT22;AT221;606;Graz-Umgebung;60664;Gratwein-Straßengel  ;6395;6519;12914;01.01.2017
AT2;AT22;AT221;606;Graz-Umgebung;60665;Hitzendorf ;3535;3586;7121;01.01.2017
AT2;AT22;AT221;606;Graz-Umgebung;60666;Nestelbach bei Graz ;1295;1377;2672;01.01.2017
AT2;AT22;AT221;606;Graz-Umgebung;60667;Raaba-Grambach  ;2152;2211;4363;01.01.2017
AT2;AT22;AT221;606;Graz-Umgebung;60668;Sankt Marein bei Graz ;1802;1838;3640;01.01.2017
AT2;AT22;AT221;606;Graz-Umgebung;60669;Seiersberg-Pirka  ;5424;5627;11051;01.01.2017
AT2;AT22;AT221;606;Graz-Umgebung;60670;Premstätten;2965;2969;5934;01.01.2017
AT2;AT22;AT225;610;Leibnitz;61001;Allerheiligen bei Wildon ;709;741;1450;01.01.2017
AT2;AT22;AT225;610;Leibnitz;61002;Arnfels ;520;521;1041;01.01.2017
AT2;AT22;AT225;610;Leibnitz;61007;Empersdorf ;710;659;1369;01.01.2017
AT2;AT22;AT225;610;Leibnitz;61008;Gabersdorf ;608;607;1215;01.01.2017
AT2;AT22;AT225;610;Leibnitz;61012;Gralla ;1182;1133;2315;01.01.2017
AT2;AT22;AT225;610;Leibnitz;61013;Großklein ;1131;1137;2268;01.01.2017
AT2;AT22;AT225;610;Leibnitz;61016;Heimschuh ;981;1005;1986;01.01.2017
AT2;AT22;AT225;610;Leibnitz;61017;Hengsberg ;723;698;1421;01.01.2017
AT2;AT22;AT225;610;Leibnitz;61019;Kitzeck im Sausal ;614;612;1226;01.01.2017
AT2;AT22;AT225;610;Leibnitz;61020;Lang ;644;646;1290;01.01.2017
AT2;AT22;AT225;610;Leibnitz;61021;Lebring-Sankt Margarethen ;1093;1080;2173;01.01.2017
AT2;AT22;AT225;610;Leibnitz;61024;Oberhaag ;1105;1060;2165;01.01.2017
AT2;AT22;AT225;610;Leibnitz;61027;Ragnitz ;735;723;1458;01.01.2017
AT2;AT22;AT225;610;Leibnitz;61030;Sankt Andrä-Höch ;891;832;1723;01.01.2017
AT2;AT22;AT225;610;Leibnitz;61032;Sankt Johann im Saggautal ;1007;999;2006;01.01.2017
AT2;AT22;AT225;610;Leibnitz;61033;Sankt Nikolai im Sausal ;1120;1123;2243;01.01.2017
AT2;AT22;AT225;610;Leibnitz;61043;Tillmitsch ;1629;1617;3246;01.01.2017
AT2;AT22;AT225;610;Leibnitz;61045;Wagna ;2761;2976;5737;01.01.2017
AT2;AT22;AT225;610;Leibnitz;61049;Ehrenhausen an der Weinstraße ;1266;1315;2581;01.01.2017
AT2;AT22;AT225;610;Leibnitz;61050;Gamlitz ;1645;1617;3262;01.01.2017
AT2;AT22;AT225;610;Leibnitz;61051;Gleinstätten ;1413;1450;2863;01.01.2017
AT2;AT22;AT225;610;Leibnitz;61052;Heiligenkreuz am Waasen ;1381;1386;2767;01.01.2017
AT2;AT22;AT225;610;Leibnitz;61053;Leibnitz ;5829;6347;12176;01.01.2017
AT2;AT22;AT225;610;Leibnitz;61054;Leutschach an der Weinstraße ;1842;1893;3735;01.01.2017
AT2;AT22;AT225;610;Leibnitz;61055;Sankt Georgen an der Stiefing ;741;759;1500;01.01.2017
AT2;AT22;AT225;610;Leibnitz;61056;Sankt Veit in der Südsteiermark;2064;1975;4039;01.01.2017
AT2;AT22;AT225;610;Leibnitz;61057;Schwarzautal ;1186;1137;2323;01.01.2017
AT2;AT22;AT225;610;Leibnitz;61058;Straß in Steiermark;2446;2412;4858;01.01.2017
AT2;AT22;AT225;610;Leibnitz;61059;Wildon ;2595;2717;5312;01.01.2017
AT2;AT22;AT223;611;Leoben;61101;Eisenerz ;1977;2211;4188;01.01.2017
AT2;AT22;AT223;611;Leoben;61105;Kalwang ;458;536;994;01.01.2017
AT2;AT22;AT223;611;Leoben;61106;Kammern im Liesingtal ;799;819;1618;01.01.2017
AT2;AT22;AT223;611;Leoben;61107;Kraubath an der Mur ;631;646;1277;01.01.2017
AT2;AT22;AT223;611;Leoben;61108;Leoben ;12520;12395;24915;01.01.2017
AT2;AT22;AT223;611;Leoben;61109;Mautern in Steiermark ;900;911;1811;01.01.2017
AT2;AT22;AT223;611;Leoben;61110;Niklasdorf ;1232;1309;2541;01.01.2017
AT2;AT22;AT223;611;Leoben;61111;Proleb ;751;780;1531;01.01.2017
AT2;AT22;AT223;611;Leoben;61112;Radmer ;290;281;571;01.01.2017
AT2;AT22;AT223;611;Leoben;61113;Sankt Michael in Obersteiermark ;1512;1562;3074;01.01.2017
AT2;AT22;AT223;611;Leoben;61114;Sankt Peter-Freienstein ;1171;1194;2365;01.01.2017
AT2;AT22;AT223;611;Leoben;61115;Sankt Stefan ob Leoben ;934;983;1917;01.01.2017
AT2;AT22;AT223;611;Leoben;61116;Traboch ;673;710;1383;01.01.2017
AT2;AT22;AT223;611;Leoben;61118;Vordernberg ;525;505;1030;01.01.2017
AT2;AT22;AT223;611;Leoben;61119;Wald am Schoberpaß ;288;297;585;01.01.2017
AT2;AT22;AT223;611;Leoben;61120;Trofaiach ;5396;5747;11143;01.01.2017
AT2;AT22;AT222;612;Liezen;61203;Aigen im Ennstal ;1356;1347;2703;01.01.2017
AT2;AT22;AT222;612;Liezen;61204;Altaussee ;933;946;1879;01.01.2017
AT2;AT22;AT222;612;Liezen;61205;Altenmarkt bei Sankt Gallen ;398;430;828;01.01.2017
AT2;AT22;AT222;612;Liezen;61206;Ardning ;607;620;1227;01.01.2017
AT2;AT22;AT222;612;Liezen;61207;Bad Aussee ;2285;2513;4798;01.01.2017
AT2;AT22;AT222;612;Liezen;61213;Gröbming ;1389;1506;2895;01.01.2017
AT2;AT22;AT222;612;Liezen;61215;Grundlsee ;569;629;1198;01.01.2017
AT2;AT22;AT222;612;Liezen;61217;Haus ;1229;1237;2466;01.01.2017
AT2;AT22;AT222;612;Liezen;61222;Lassing ;829;890;1719;01.01.2017
AT2;AT22;AT222;612;Liezen;61236;Ramsau am Dachstein ;1377;1436;2813;01.01.2017
AT2;AT22;AT222;612;Liezen;61243;Selzthal ;826;776;1602;01.01.2017
AT2;AT22;AT222;612;Liezen;61247;Trieben ;1643;1752;3395;01.01.2017
AT2;AT22;AT222;612;Liezen;61251;Wildalpen ;240;228;468;01.01.2017
AT2;AT22;AT222;612;Liezen;61252;Wörschach ;545;566;1111;01.01.2017
AT2;AT22;AT222;612;Liezen;61253;Admont ;2466;2583;5049;01.01.2017
AT2;AT22;AT222;612;Liezen;61254;Aich ;634;666;1300;01.01.2017
AT2;AT22;AT222;612;Liezen;61255;Bad Mitterndorf ;2439;2494;4933;01.01.2017
AT2;AT22;AT222;612;Liezen;61256;Gaishorn am See ;621;667;1288;01.01.2017
AT2;AT22;AT222;612;Liezen;61257;Irdning-Donnersbachtal ;1975;2132;4107;01.01.2017
AT2;AT22;AT222;612;Liezen;61258;Landl ;1348;1406;2754;01.01.2017
AT2;AT22;AT222;612;Liezen;61259;Liezen ;3972;4209;8181;01.01.2017
AT2;AT22;AT222;612;Liezen;61260;Michaelerberg-Pruggern  ;590;584;1174;01.01.2017
AT2;AT22;AT222;612;Liezen;61261;Mitterberg-Sankt Martin;975;949;1924;01.01.2017
AT2;AT22;AT222;612;Liezen;61262;Öblarn ;1010;1005;2015;01.01.2017
AT2;AT22;AT222;612;Liezen;61263;Rottenmann ;2590;2660;5250;01.01.2017
AT2;AT22;AT222;612;Liezen;61264;Sankt Gallen ;922;924;1846;01.01.2017
AT2;AT22;AT222;612;Liezen;61265;Schladming ;3253;3462;6715;01.01.2017
AT2;AT22;AT222;612;Liezen;61266;Sölk ;782;735;1517;01.01.2017
AT2;AT22;AT222;612;Liezen;61267;Stainach-Pürgg ;1369;1487;2856;01.01.2017
AT2;AT22;AT226;614;Murau;61410;Mühlen ;449;420;869;01.01.2017
AT2;AT22;AT226;614;Murau;61413;Niederwölz ;289;306;595;01.01.2017
AT2;AT22;AT226;614;Murau;61425;Sankt Peter am Kammersberg ;1038;1031;2069;01.01.2017
AT2;AT22;AT226;614;Murau;61428;Schöder ;474;497;971;01.01.2017
AT2;AT22;AT226;614;Murau;61437;Krakau;745;699;1444;01.01.2017
AT2;AT22;AT226;614;Murau;61438;Murau ;1683;1950;3633;01.01.2017
AT2;AT22;AT226;614;Murau;61439;Neumarkt in der Steiermark ;2499;2527;5026;01.01.2017
AT2;AT22;AT226;614;Murau;61440;Oberwölz ;1498;1482;2980;01.01.2017
AT2;AT22;AT226;614;Murau;61441;Ranten ;599;569;1168;01.01.2017
AT2;AT22;AT226;614;Murau;61442;Sankt Georgen am Kreischberg;892;902;1794;01.01.2017
AT2;AT22;AT226;614;Murau;61443;Sankt Lambrecht ;924;967;1891;01.01.2017
AT2;AT22;AT226;614;Murau;61444;Scheifling ;1027;1098;2125;01.01.2017
AT2;AT22;AT226;614;Murau;61445;Stadl-Predlitz;843;845;1688;01.01.2017
AT2;AT22;AT226;614;Murau;61446;Teufenbach-Katsch  ;946;965;1911;01.01.2017
AT2;AT22;AT225;616;Voitsberg;61611;Krottendorf-Gaisfeld ;1260;1198;2458;01.01.2017
AT2;AT22;AT225;616;Voitsberg;61612;Ligist ;1583;1672;3255;01.01.2017
AT2;AT22;AT225;616;Voitsberg;61615;Mooskirchen ;1067;1136;2203;01.01.2017
AT2;AT22;AT225;616;Voitsberg;61618;Rosental an der Kainach ;843;828;1671;01.01.2017
AT2;AT22;AT225;616;Voitsberg;61621;Sankt Martin am Wöllmißberg ;391;392;783;01.01.2017
AT2;AT22;AT225;616;Voitsberg;61624;Stallhofen ;1540;1589;3129;01.01.2017
AT2;AT22;AT225;616;Voitsberg;61625;Voitsberg ;4487;4918;9405;01.01.2017
AT2;AT22;AT225;616;Voitsberg;61626;Bärnbach ;2756;2922;5678;01.01.2017
AT2;AT22;AT225;616;Voitsberg;61627;Edelschrott ;901;853;1754;01.01.2017
AT2;AT22;AT225;616;Voitsberg;61628;Geistthal-Södingberg  ;804;751;1555;01.01.2017
AT2;AT22;AT225;616;Voitsberg;61629;Hirschegg-Pack ;526;511;1037;01.01.2017
AT2;AT22;AT225;616;Voitsberg;61630;Kainach bei Voitsberg ;822;825;1647;01.01.2017
AT2;AT22;AT225;616;Voitsberg;61631;Köflach ;4770;5229;9999;01.01.2017
AT2;AT22;AT225;616;Voitsberg;61632;Maria Lankowitz ;1441;1482;2923;01.01.2017
AT2;AT22;AT225;616;Voitsberg;61633;Söding-Sankt Johann ;2067;2072;4139;01.01.2017
AT2;AT22;AT224;617;Weiz;61701;Albersdorf-Prebuch ;1027;1008;2035;01.01.2017
AT2;AT22;AT224;617;Weiz;61708;Fischbach ;763;745;1508;01.01.2017
AT2;AT22;AT224;617;Weiz;61710;Floing ;598;596;1194;01.01.2017
AT2;AT22;AT224;617;Weiz;61711;Gasen ;451;467;918;01.01.2017
AT2;AT22;AT224;617;Weiz;61716;Markt Hartmannsdorf ;1501;1461;2962;01.01.2017
AT2;AT22;AT224;617;Weiz;61719;Hofstätten an der Raab ;1097;1110;2207;01.01.2017
AT2;AT22;AT224;617;Weiz;61727;Ludersdorf-Wilfersdorf ;1155;1138;2293;01.01.2017
AT2;AT22;AT224;617;Weiz;61728;Miesenbach bei Birkfeld ;357;341;698;01.01.2017
AT2;AT22;AT224;617;Weiz;61729;Mitterdorf an der Raab ;1031;1029;2060;01.01.2017
AT2;AT22;AT224;617;Weiz;61730;Mortantsch ;1061;1056;2117;01.01.2017
AT2;AT22;AT224;617;Weiz;61731;Naas ;694;663;1357;01.01.2017
AT2;AT22;AT224;617;Weiz;61740;Puch bei Weiz ;1078;1017;2095;01.01.2017
AT2;AT22;AT224;617;Weiz;61741;Ratten ;592;576;1168;01.01.2017
AT2;AT22;AT224;617;Weiz;61743;Rettenegg ;382;367;749;01.01.2017
AT2;AT22;AT224;617;Weiz;61744;Sankt Kathrein am Hauenstein ;340;307;647;01.01.2017
AT2;AT22;AT224;617;Weiz;61745;Sankt Kathrein am Offenegg ;570;512;1082;01.01.2017
AT2;AT22;AT224;617;Weiz;61746;Sankt Margarethen an der Raab ;2051;2020;4071;01.01.2017
AT2;AT22;AT224;617;Weiz;61748;Sinabelkirchen ;2118;2078;4196;01.01.2017
AT2;AT22;AT224;617;Weiz;61750;Strallegg ;999;958;1957;01.01.2017
AT2;AT22;AT224;617;Weiz;61751;Thannhausen ;1209;1239;2448;01.01.2017
AT2;AT22;AT224;617;Weiz;61756;Anger ;2076;2089;4165;01.01.2017
AT2;AT22;AT224;617;Weiz;61757;Birkfeld ;2509;2541;5050;01.01.2017
AT2;AT22;AT224;617;Weiz;61758;Fladnitz an der Teichalm ;909;897;1806;01.01.2017
AT2;AT22;AT224;617;Weiz;61759;Gersdorf an der Feistritz ;846;832;1678;01.01.2017
AT2;AT22;AT224;617;Weiz;61760;Gleisdorf ;5185;5525;10710;01.01.2017
AT2;AT22;AT224;617;Weiz;61761;Gutenberg-Stenzengreith ;887;865;1752;01.01.2017
AT2;AT22;AT224;617;Weiz;61762;Ilztal ;1078;1030;2108;01.01.2017
AT2;AT22;AT224;617;Weiz;61763;Passail ;2183;2103;4286;01.01.2017
AT2;AT22;AT224;617;Weiz;61764;Pischelsdorf am Kulm;1812;1863;3675;01.01.2017
AT2;AT22;AT224;617;Weiz;61765;Sankt Ruprecht an der Raab ;2591;2669;5260;01.01.2017
AT2;AT22;AT224;617;Weiz;61766;Weiz ;5540;5968;11508;01.01.2017
AT2;AT22;AT226;620;Murtal;62007;Fohnsdorf ;3686;4029;7715;01.01.2017
AT2;AT22;AT226;620;Murtal;62008;Gaal ;688;700;1388;01.01.2017
AT2;AT22;AT226;620;Murtal;62010;Hohentauern ;204;210;414;01.01.2017
AT2;AT22;AT226;620;Murtal;62014;Kobenz ;913;921;1834;01.01.2017
AT2;AT22;AT226;620;Murtal;62021;Pusterwald ;247;217;464;01.01.2017
AT2;AT22;AT226;620;Murtal;62026;Sankt Georgen ob Judenburg ;425;418;843;01.01.2017
AT2;AT22;AT226;620;Murtal;62032;Sankt Peter ob Judenburg ;569;541;1110;01.01.2017
AT2;AT22;AT226;620;Murtal;62034;Seckau ;651;628;1279;01.01.2017
AT2;AT22;AT226;620;Murtal;62036;Unzmarkt-Frauenburg ;677;685;1362;01.01.2017
AT2;AT22;AT226;620;Murtal;62038;Zeltweg ;3646;3661;7307;01.01.2017
AT2;AT22;AT226;620;Murtal;62039;Lobmingtal;919;923;1842;01.01.2017
AT2;AT22;AT226;620;Murtal;62040;Judenburg ;4845;5218;10063;01.01.2017
AT2;AT22;AT226;620;Murtal;62041;Knittelfeld ;6162;6496;12658;01.01.2017
AT2;AT22;AT226;620;Murtal;62042;Obdach ;1947;1876;3823;01.01.2017
AT2;AT22;AT226;620;Murtal;62043;Pöls-Oberkurzheim  ;1491;1511;3002;01.01.2017
AT2;AT22;AT226;620;Murtal;62044;Pölstal;1325;1385;2710;01.01.2017
AT2;AT22;AT226;620;Murtal;62045;Sankt Marein-Feistritz;1033;1007;2040;01.01.2017
AT2;AT22;AT226;620;Murtal;62046;Sankt Margarethen bei Knittelfeld ;1396;1372;2768;01.01.2017
AT2;AT22;AT226;620;Murtal;62047;Spielberg ;2633;2677;5310;01.01.2017
AT2;AT22;AT226;620;Murtal;62048;Weißkirchen in Steiermark ;2440;2470;4910;01.01.2017
AT2;AT22;AT223;621;Bruck-Mürzzuschlag;62105;Breitenau am Hochlantsch ;864;856;1720;01.01.2017
AT2;AT22;AT223;621;Bruck-Mürzzuschlag;62115;Krieglach ;2574;2720;5294;01.01.2017
AT2;AT22;AT223;621;Bruck-Mürzzuschlag;62116;Langenwang ;1915;1953;3868;01.01.2017
AT2;AT22;AT223;621;Bruck-Mürzzuschlag;62125;Pernegg an der Mur ;1182;1196;2378;01.01.2017
AT2;AT22;AT223;621;Bruck-Mürzzuschlag;62128;Sankt Lorenzen im Mürztal ;1791;1816;3607;01.01.2017
AT2;AT22;AT223;621;Bruck-Mürzzuschlag;62131;Spital am Semmering ;799;751;1550;01.01.2017
AT2;AT22;AT223;621;Bruck-Mürzzuschlag;62132;Stanz im Mürztal ;923;906;1829;01.01.2017
AT2;AT22;AT223;621;Bruck-Mürzzuschlag;62135;Turnau ;750;789;1539;01.01.2017
AT2;AT22;AT223;621;Bruck-Mürzzuschlag;62138;Aflenz ;1218;1209;2427;01.01.2017
AT2;AT22;AT223;621;Bruck-Mürzzuschlag;62139;Bruck an der Mur ;7635;8215;15850;01.01.2017
AT2;AT22;AT223;621;Bruck-Mürzzuschlag;62140;Kapfenberg ;11243;11761;23004;01.01.2017
AT2;AT22;AT223;621;Bruck-Mürzzuschlag;62141;Kindberg ;4006;4124;8130;01.01.2017
AT2;AT22;AT223;621;Bruck-Mürzzuschlag;62142;Mariazell ;1840;2046;3886;01.01.2017
AT2;AT22;AT223;621;Bruck-Mürzzuschlag;62143;Mürzzuschlag ;4153;4439;8592;01.01.2017
AT2;AT22;AT223;621;Bruck-Mürzzuschlag;62144;Neuberg an der Mürz ;1351;1267;2618;01.01.2017
AT2;AT22;AT223;621;Bruck-Mürzzuschlag;62145;Sankt Barbara im Mürztal;3238;3399;6637;01.01.2017
AT2;AT22;AT223;621;Bruck-Mürzzuschlag;62146;Sankt Marein im Mürztal ;1316;1391;2707;01.01.2017
AT2;AT22;AT223;621;Bruck-Mürzzuschlag;62147;Thörl ;1147;1164;2311;01.01.2017
AT2;AT22;AT223;621;Bruck-Mürzzuschlag;62148;Tragöß-Sankt Katharein ;938;949;1887;01.01.2017
AT2;AT22;AT224;622;Hartberg-Fürstenfeld;62202;Bad Blumau ;810;814;1624;01.01.2017
AT2;AT22;AT224;622;Hartberg-Fürstenfeld;62205;Buch-Sankt Magdalena;1106;1069;2175;01.01.2017
AT2;AT22;AT224;622;Hartberg-Fürstenfeld;62206;Burgau ;521;530;1051;01.01.2017
AT2;AT22;AT224;622;Hartberg-Fürstenfeld;62209;Ebersdorf ;626;631;1257;01.01.2017
AT2;AT22;AT224;622;Hartberg-Fürstenfeld;62211;Friedberg ;1269;1307;2576;01.01.2017
AT2;AT22;AT224;622;Hartberg-Fürstenfeld;62214;Greinbach ;906;894;1800;01.01.2017
AT2;AT22;AT224;622;Hartberg-Fürstenfeld;62216;Großsteinbach ;648;608;1256;01.01.2017
AT2;AT22;AT224;622;Hartberg-Fürstenfeld;62219;Hartberg ;3049;3512;6561;01.01.2017
AT2;AT22;AT224;622;Hartberg-Fürstenfeld;62220;Hartberg Umgebung ;1161;1082;2243;01.01.2017
AT2;AT22;AT224;622;Hartberg-Fürstenfeld;62226;Lafnitz ;762;710;1472;01.01.2017
AT2;AT22;AT224;622;Hartberg-Fürstenfeld;62232;Ottendorf an der Rittschein ;771;788;1559;01.01.2017
AT2;AT22;AT224;622;Hartberg-Fürstenfeld;62233;Pinggau ;1623;1557;3180;01.01.2017
AT2;AT22;AT224;622;Hartberg-Fürstenfeld;62235;Pöllauberg ;1044;1025;2069;01.01.2017
AT2;AT22;AT224;622;Hartberg-Fürstenfeld;62242;Sankt Jakob im Walde ;545;499;1044;01.01.2017
AT2;AT22;AT224;622;Hartberg-Fürstenfeld;62244;Sankt Johann in der Haide ;1044;1099;2143;01.01.2017
AT2;AT22;AT224;622;Hartberg-Fürstenfeld;62245;Sankt Lorenzen am Wechsel ;778;724;1502;01.01.2017
AT2;AT22;AT224;622;Hartberg-Fürstenfeld;62247;Schäffern ;738;663;1401;01.01.2017
AT2;AT22;AT224;622;Hartberg-Fürstenfeld;62252;Söchau ;683;736;1419;01.01.2017
AT2;AT22;AT224;622;Hartberg-Fürstenfeld;62256;Stubenberg ;1063;1109;2172;01.01.2017
AT2;AT22;AT224;622;Hartberg-Fürstenfeld;62262;Wenigzell ;721;682;1403;01.01.2017
AT2;AT22;AT224;622;Hartberg-Fürstenfeld;62264;Bad Waltersdorf ;1917;1886;3803;01.01.2017
AT2;AT22;AT224;622;Hartberg-Fürstenfeld;62265;Dechantskirchen ;1016;1017;2033;01.01.2017
AT2;AT22;AT224;622;Hartberg-Fürstenfeld;62266;Feistritztal;1232;1232;2464;01.01.2017
AT2;AT22;AT224;622;Hartberg-Fürstenfeld;62267;Fürstenfeld ;4015;4457;8472;01.01.2017
AT2;AT22;AT224;622;Hartberg-Fürstenfeld;62268;Grafendorf bei Hartberg ;1566;1559;3125;01.01.2017
AT2;AT22;AT224;622;Hartberg-Fürstenfeld;62269;Großwilfersdorf ;1065;1049;2114;01.01.2017
AT2;AT22;AT224;622;Hartberg-Fürstenfeld;62270;Hartl ;1066;1069;2135;01.01.2017
AT2;AT22;AT224;622;Hartberg-Fürstenfeld;62271;Ilz ;1883;1837;3720;01.01.2017
AT2;AT22;AT224;622;Hartberg-Fürstenfeld;62272;Kaindorf ;1486;1468;2954;01.01.2017
AT2;AT22;AT224;622;Hartberg-Fürstenfeld;62273;Loipersdorf bei Fürstenfeld ;971;924;1895;01.01.2017
AT2;AT22;AT224;622;Hartberg-Fürstenfeld;62274;Neudau ;722;737;1459;01.01.2017
AT2;AT22;AT224;622;Hartberg-Fürstenfeld;62275;Pöllau ;3013;3044;6057;01.01.2017
AT2;AT22;AT224;622;Hartberg-Fürstenfeld;62276;Rohr bei Hartberg ;731;721;1452;01.01.2017
AT2;AT22;AT224;622;Hartberg-Fürstenfeld;62277;Rohrbach an der Lafnitz ;1319;1338;2657;01.01.2017
AT2;AT22;AT224;622;Hartberg-Fürstenfeld;62278;Vorau ;2363;2397;4760;01.01.2017
AT2;AT22;AT224;622;Hartberg-Fürstenfeld;62279;Waldbach-Mönichwald;778;754;1532;01.01.2017
AT2;AT22;AT224;623;Südoststeiermark;62311;Edelsbach bei Feldbach ;654;680;1334;01.01.2017
AT2;AT22;AT224;623;Südoststeiermark;62314;Eichkögl ;657;646;1303;01.01.2017
AT2;AT22;AT224;623;Südoststeiermark;62326;Halbenrain ;857;896;1753;01.01.2017
AT2;AT22;AT224;623;Südoststeiermark;62330;Jagerberg ;823;822;1645;01.01.2017
AT2;AT22;AT224;623;Südoststeiermark;62332;Kapfenstein ;779;798;1577;01.01.2017
AT2;AT22;AT224;623;Südoststeiermark;62335;Klöch ;619;588;1207;01.01.2017
AT2;AT22;AT224;623;Südoststeiermark;62343;Mettersdorf am Saßbach ;663;630;1293;01.01.2017
AT2;AT22;AT224;623;Südoststeiermark;62347;Murfeld ;823;833;1656;01.01.2017
AT2;AT22;AT224;623;Südoststeiermark;62368;Tieschen ;631;635;1266;01.01.2017
AT2;AT22;AT224;623;Südoststeiermark;62372;Unterlamm ;624;622;1246;01.01.2017
AT2;AT22;AT224;623;Südoststeiermark;62375;Bad Gleichenberg ;2599;2737;5336;01.01.2017
AT2;AT22;AT224;623;Südoststeiermark;62376;Bad Radkersburg ;1500;1660;3160;01.01.2017
AT2;AT22;AT224;623;Südoststeiermark;62377;Deutsch Goritz ;914;897;1811;01.01.2017
AT2;AT22;AT224;623;Südoststeiermark;62378;Fehring ;3597;3735;7332;01.01.2017
AT2;AT22;AT224;623;Südoststeiermark;62379;Feldbach ;6491;6837;13328;01.01.2017
AT2;AT22;AT224;623;Südoststeiermark;62380;Gnas ;3063;3016;6079;01.01.2017
AT2;AT22;AT224;623;Südoststeiermark;62381;Kirchbach-Zerlach;1628;1632;3260;01.01.2017
AT2;AT22;AT224;623;Südoststeiermark;62382;Kirchberg an der Raab ;2213;2233;4446;01.01.2017
AT2;AT22;AT224;623;Südoststeiermark;62383;Mureck ;1742;1816;3558;01.01.2017
AT2;AT22;AT224;623;Südoststeiermark;62384;Paldau ;1525;1545;3070;01.01.2017
AT2;AT22;AT224;623;Südoststeiermark;62385;Pirching am Traubenberg ;1272;1311;2583;01.01.2017
AT2;AT22;AT224;623;Südoststeiermark;62386;Riegersburg ;2495;2411;4906;01.01.2017
AT2;AT22;AT224;623;Südoststeiermark;62387;Sankt Anna am Aigen ;1203;1154;2357;01.01.2017
AT2;AT22;AT224;623;Südoststeiermark;62388;Sankt Peter am Ottersbach ;1494;1459;2953;01.01.2017
AT2;AT22;AT224;623;Südoststeiermark;62389;Sankt Stefan im Rosental ;2000;1966;3966;01.01.2017
AT2;AT22;AT224;623;Südoststeiermark;62390;Straden ;1808;1811;3619;01.01.2017
